Name,Team,Url,Type,ValueinCR,Full Name,Born,Age,National Side,Batting Style,Bowling,Sport,MatchPlayed,InningsBatted,NotOuts,RunsScored,HighestInnScore,100s,50s,4s,6s,BattingAVG,BattingS/R,CatchesTaken,StumpingsMade,Ducks,R/O,InningsBowled,Overs,Maidens,RunsConceded,Wickets,Best,3s,5s,BowlingAVG,EconomyRate,S/R,Mtc
Kagiso Rabada,PBKS,https://sports.ndtv.com/cricket/players/64042-kagiso-rabada-playerprofile,Bowler ,9.25,Kagiso Rabada,"May 25, 1995 Johannesburg","26 Years, 9 Months, 22 Days",South Africa,Left Handed,Right-arm fast,IPL,50,18,8,138,44 v MI,0,0,11,4,13.8,102.98,23,0,5,2,50,190,2,1560,76,4/21 v RCB,4,0,20.52,8.21,15,50
Shikhar Dhawan,PBKS,https://sports.ndtv.com/cricket/players/737-shikhar-dhawan-playerprofile,Batsman ,8.25,Shikhar Dhawan,"December 5, 1985 Delhi","36 Years, 3 Months, 10 Days",India,Left Handed,Off break,IPL,192,191,25,5784,106* v PBKS,2,44,654,124,34.84,126.64,82,0,11,16,6,8,0,66,4,1/7 v DC,0,0,16.5,8.25,12,6
Rahul Chahar,PBKS,https://sports.ndtv.com/cricket/players/107512-rahul-chahar-playerprofile,Bowler ,5.25,Rahul Desraj Chahar,"August 4, 1999 Bharaatpur, Rajasthan","22 Years, 7 Months, 12 Days",India,Right Handed,Leg break googly,IPL,42,11,4,31,10 v SRH,0,0,3,0,4.42,96.87,11,0,4,1,41,150,0,1117,43,4/27 v KKR,3,0,25.97,7.44,20.93,41
Arshdeep Singh,PBKS,https://sports.ndtv.com/cricket/players/108557-arshdeep-singh-playerprofile,Bowler ,4,Arshdeep Singh,"February 5, 1999 Guna, Madhya Pradesh","23 Years, 1 Months, 8 Days",India,Left Handed,Left-arm medium fast,IPL,23,3,2,2,1* v KKR,0,0,0,0,2,33.33,6,0,1,0,23,76.1,1,669,30,5/32 v RR,3,1,22.3,8.78,15.23,23
Rishi Dhawan,PBKS,https://sports.ndtv.com/cricket/players/1131-rishi-dhawan-playerprofile,All-Rounder ,0.55,Rishi Dhawan,"February 19, 1990 Mandi, Himachal Pradesh","32 Years, 0 Months, 24 Days",India,Right Handed,Right-arm medium fast,IPL,26,17,10,153,25* v CSK,0,0,13,4,21.85,113.33,6,0,2,1,25,81.2,1,640,18,2/14 v RCB,0,0,35.55,7.86,27.11,25
Sandeep Sharma,PBKS,https://sports.ndtv.com/cricket/players/1431-sandeep-sharma-playerprofile,Bowler ,0.5,Sandeep Sharma,"May 18, 1993 Patiala, Punjab","28 Years, 9 Months, 28 Days",India,Right Handed,Right-arm medium,IPL,99,25,19,52,9 v RCB,0,0,4,0,8.66,81.25,12,0,9,1,99,366.2,8,2849,112,4/20 v DC,9,0,25.43,7.77,19.62,99
Washington Sundar,SRH,https://sports.ndtv.com/cricket/players/108593-washington-sundar-playerprofile,All-Rounder ,8.75,Washington Sundar,"October 5, 1999 Chennai, Tamil Nadu","22 Years, 5 Months, 11 Days",India,Left Handed,Off break,IPL,42,26,10,217,35 v RR,0,0,17,6,13.56,111.28,9,0,4,0,41,125,1,867,27,3/16 v MI,2,0,32.11,6.93,27.77,41
Abhishek Sharma,SRH,https://sports.ndtv.com/cricket/players/108562-abhishek-sharma-playerprofile,All-Rounder ,6.5,Abhishek Sharma,"September 4, 2000 Amritsar, Punjab","21 Years, 6 Months, 11 Days",India,Left Handed,Slow left-arm orthodox,IPL,22,20,6,241,46* v RCB,0,0,17,12,17.21,139.3,5,0,0,1,14,22,0,176,7,2/4 v MI,0,0,25.14,8,18.85,14
Bhuvneshwar Kumar,SRH,https://sports.ndtv.com/cricket/players/1250-bhuvneshwar-kumar-playerprofile,Bowler ,4.2,Bhuvneshwar Kumar Singh,"February 5, 1990 Meerut, Uttar Pradesh","32 Years, 1 Months, 7 Days",India,Right Handed,Right-arm medium,IPL,132,51,25,217,24* v CSK,0,0,20,3,8.34,96.87,27,0,9,4,132,491.3,9,3588,142,5/19 v PBKS,9,1,25.26,7.3,20.76,132
Marco Jansen,SRH,https://sports.ndtv.com/cricket/players/113406-marco-jansen-playerprofile,All-Rounder ,4.2,Marco Jansen,"May 1, 2000 Potchefstroom, North West, South Africa","21 Years, 10 Months, 14 Days",South Africa,Right Handed,Left-arm fast,IPL,2,2,0,0,0 v KKR,0,0,0,0,0,0,1,0,2,0,2,6,0,45,2,2/28 v RCB,0,0,22.5,7.5,18,2
Abdul Samad,SRH,https://sports.ndtv.com/cricket/players/113179-abdul-samad-playerprofile,Batsman ,4,Abdul Samad Farooq,"October 28, 2001 Kala Kot, Jammu & Kashmir","20 Years, 4 Months, 18 Days",India,Right Handed,Leg break,IPL,23,18,4,222,33 v DC,0,0,12,14,15.85,146.05,13,0,2,1,4,8,0,105,2,1/9 v PBKS,0,0,52.5,13.12,24,4
Kartik Tyagi,SRH,https://sports.ndtv.com/cricket/players/108595-kartik-tyagi-playerprofile,Bowler ,4,Kartik Tyagi,"November 8, 2000 Hapur, Uttar Pradesh","21 Years, 4 Months, 7 Days",India,Right Handed,Right-arm medium fast,IPL,14,5,3,6,2* v DC,0,0,0,0,3,60,3,0,1,0,14,52.1,0,491,13,2/29 v PBKS,0,0,37.76,9.41,24.07,14
Glenn Phillips,SRH,https://sports.ndtv.com/cricket/players/107472-glenn-phillips-playerprofile,Wicket-Keeper ,1.5,Glenn Dominic Phillips,"December 6, 1996 East London, Eastern Cape","25 Years, 3 Months, 9 Days",New Zealand,Right Handed,Off break,IPL,3,3,1,26,14* v CSK,0,0,1,2,13,78.78,1,0,0,0,2,2,0,20,1,1/17 v KKR,0,0,20,10,12,2
Shreyas Gopal,SRH,https://sports.ndtv.com/cricket/players/51296-shreyas-gopal-playerprofile,Bowler ,0.75,Shreyas Gopal,"September 4, 1993 Banglaore, Karnataka","28 Years, 6 Months, 11 Days",India,Right Handed,Leg break,IPL,48,21,7,171,24 v PBKS,0,0,17,2,12.21,105.55,11,0,4,2,47,155.1,1,1247,48,4/16 v RCB,4,0,25.97,8.03,19.39,47
Jagadeesha Suchith,SRH,https://sports.ndtv.com/cricket/players/106726-jagadeesha-suchith-playerprofile,Bowler ,0.2,Jagadeesha Suchith,"January 16, 1994 Mysore","28 Years, 2 Months, -1 Days",India,Left Handed,Slow left-arm orthodox,IPL,17,8,6,68,34* v PBKS,0,0,6,3,34,128.3,9,0,2,1,16,52,0,462,12,2/14 v SRH,0,0,38.5,8.88,26,16
Prasidh Krishna,RR,https://sports.ndtv.com/cricket/players/107509-prasidh-krishna-playerprofile,Bowler ,10,Muralikrishna Prasidh Krishna,"February 19, 1996 Bangalore, Karnataka","26 Years, 0 Months, 25 Days",India,Right Handed,Right-arm medium fast,IPL,34,7,5,3,2* v RCB,0,0,0,0,1.5,25,7,0,5,1,34,124.2,0,1152,30,4/30 v SRH,2,0,38.4,9.26,24.86,34
Trent Boult,RR,https://sports.ndtv.com/cricket/players/1061-trent-boult-playerprofile,Bowler ,8,Trent Alexander Boult,"July 22, 1989 Rotorua","32 Years, 7 Months, 24 Days",New Zealand,Right Handed,Left-arm fast medium,IPL,62,10,7,13,6 v CSK,0,0,0,1,4.33,68.42,23,0,6,0,62,236.1,5,1983,76,4/18 v CSK,5,0,26.09,8.39,18.64,62
Yuzvendra Chahal,RR,https://sports.ndtv.com/cricket/players/1394-yuzvendra-chahal-playerprofile,Bowler ,6.5,Yuzvendra Singh Chahal,"July 23, 1990 Jind, Haryana, India","31 Years, 7 Months, 23 Days",India,Right Handed,Leg break googly,IPL,114,18,12,32,8* v CSK,0,0,0,0,5.33,41.02,24,0,5,2,113,408,4,3097,139,4/25 v PBKS,9,0,22.28,7.59,17.61,113
Ravichandran Ashwin,RR,https://sports.ndtv.com/cricket/players/1109-ravichandran-ashwin-playerprofile,All-Rounder ,5,Ravichandran Ashwin,"September 17, 1986 Chennai, Tamil Nadu","35 Years, 5 Months, 28 Days",India,Right Handed,Off break,IPL,167,63,22,456,45 v KKR,0,0,37,12,11.12,109.88,37,0,15,5,164,583,4,4031,145,4/34 v PBKS,6,0,27.8,6.91,24.12,164
Riyan Parag,RR,https://sports.ndtv.com/cricket/players/108566-riyan-parag-playerprofile,All-Rounder ,3.8,Riyan Parag,"November 10, 2001 Guwahati, Assam","20 Years, 4 Months, 5 Days",India,Right Handed,Leg break,IPL,30,23,3,339,50 v DC,0,1,29,12,16.95,118.53,12,0,3,2,15,22.1,0,221,3,1/7 v PBKS,0,0,73.66,9.96,44.33,15
Navdeep Saini,RR,https://sports.ndtv.com/cricket/players/64853-navdeep-amarjeet-saini-playerprofile,Bowler ,2.6,Navdeep Amarjeet Saini,"November 23, 1992 Karnal, Haryana","29 Years, 3 Months, 22 Days",India,Right Handed,Right-arm fast,IPL,28,6,3,31,12* v DC,0,0,3,0,10.33,88.57,6,0,1,0,28,97.4,1,828,17,2/24 v DC,0,0,48.7,8.47,34.47,28
Nathan Coulter-Nile,RR,https://sports.ndtv.com/cricket/players/1424-nathan-coulter-nile-playerprofile,Bowler ,2,Nathan Mitchell Coulter-Nile,"October 11, 1987 Osborne Park, Western Australia","34 Years, 5 Months, 5 Days",Australia,Right Handed,Right-arm fast,IPL,38,16,5,81,24* v PBKS,0,0,7,4,7.36,115.71,12,0,1,1,37,139.5,1,1052,48,4/14 v RR,5,0,21.91,7.52,17.47,37
James Neesham,RR,https://sports.ndtv.com/cricket/players/1441-james-neesham-playerprofile,All-Rounder ,1.5,James Douglas Sheahan Neesham,"September 17, 1990 Auckland","31 Years, 5 Months, 28 Days",New Zealand,Left Handed,Right-arm medium fast,IPL,12,8,1,61,22 v CSK,0,0,3,2,8.71,92.42,1,0,2,0,12,33,0,305,8,3/12 v RR,1,0,38.12,9.24,24.75,12
KC Cariappa,RR,https://sports.ndtv.com/cricket/players/107051-kc-cariappa-playerprofile,Bowler ,0.3,Konganda Charamanna Cariappa,"April 13, 1994 Bangalore, Karnataka","27 Years, 11 Months, 2 Days",India,Right Handed,Leg break,IPL,11,5,2,24,12* v RCB,0,0,0,2,8,114.28,3,0,0,0,11,36,0,348,8,2/16 v RCB,0,0,43.5,9.66,27,11
Virat Kohli,RCB,https://sports.ndtv.com/cricket/players/967-virat-kohli-playerprofile,Batsman ,15,Virat Kohli,"November 5, 1988 Delhi","33 Years, 4 Months, 10 Days",India,Right Handed,Right-arm medium,IPL,207,199,31,6283,113 v PBKS,5,42,546,210,37.39,129.94,84,0,6,7,26,41.5,0,368,4,2/25 v DCH,0,0,92,8.79,62.75,26
Glenn Maxwell,RCB,https://sports.ndtv.com/cricket/players/1423-glenn-maxwell-playerprofile,All-Rounder ,11,Glenn James Maxwell,"October 14, 1988 Kew, Melbourne, Victoria","33 Years, 5 Months, 1 Days",Australia,Right Handed,Off break,IPL,97,93,13,2018,95 v CSK,0,12,166,112,25.22,151.84,35,0,12,4,56,107,0,915,22,2/15 v RCB,0,0,41.59,8.55,29.18,56
Harshal Patel,RCB,https://sports.ndtv.com/cricket/players/1293-harshal-patel-playerprofile,All-Rounder ,10.75,Harshal Vikram Patel,"November 23, 1990 Sanand, Gujarat","31 Years, 3 Months, 22 Days",India,Right Handed,Right-arm medium,IPL,63,28,11,187,36* v CSK,0,0,11,11,11,134.53,15,0,9,3,61,210.4,0,1808,78,5/27 v MI,6,1,23.17,8.58,16.2,61
Mohammed Siraj,RCB,https://sports.ndtv.com/cricket/players/107503-mohammed-siraj-playerprofile,Bowler ,7,Mohammed Siraj,"March 13, 1994 Hyderabad","28 Years, 0 Months, 2 Days",India,Right Handed,Right-arm medium fast,IPL,50,15,10,66,14 v RR,0,0,5,2,13.2,86.84,16,0,5,1,50,171.2,4,1437,50,4/32 v GL,3,0,28.74,8.38,20.56,50
Shahbaz Ahmed,RCB,https://sports.ndtv.com/cricket/players/51351-shahbaz-ahmed-playerprofile,All-Rounder ,2.4,Shahbaz Ahmed,"December 12, 1994 Mewat, Haryana","27 Years, 3 Months, 3 Days",India,Left Handed,Slow left-arm orthodox,IPL,13,8,1,60,14 v SRH,0,0,4,2,8.57,111.11,5,0,0,0,8,20,0,136,9,3/7 v SRH,1,0,15.11,6.8,13.33,8
Sherfane Rutherford,RCB,https://sports.ndtv.com/cricket/players/110388-sherfane-rutherford-playerprofile,All-Rounder ,1,Sherfane Eviston Rutherford,"August 15, 1998 ","23 Years, 7 Months, 0 Days",West Indies,Left Handed,Right-arm fast medium,IPL,7,7,2,73,28* v RCB,0,0,2,7,14.6,135.18,5,0,0,0,6,6.5,0,59,1,1/6 v RCB,0,0,59,8.63,41,6
Mahipal Lomror,RCB,https://sports.ndtv.com/cricket/players/107234-mahipal-lomror-playerprofile,All-Rounder ,0.95,Mahipal Krishan Lomror,"November 16, 1999 Nagaur, Rajasthan","22 Years, 4 Months, 0 Days",India,Left Handed,Slow left-arm orthodox,IPL,11,10,2,181,47 v RCB,0,0,8,9,22.62,119.86,1,0,0,0,6,10,0,74,1,1/22 v SRH,0,0,74,7.4,60,6
Siddarth Kaul,RCB,https://sports.ndtv.com/cricket/players/1699-siddarth-kaul-playerprofile,Bowler ,0.75,Siddarth Kaul,"May 19, 1990 Pathankot, Punjab","31 Years, 9 Months, 27 Days",India,Right Handed,Right-arm medium,IPL,54,12,8,20,7* v KKR,0,0,1,0,5,55.55,8,0,6,2,54,197.3,3,1696,58,4/29 v RPS,3,0,29.24,8.58,20.43,54
Karn Sharma,RCB,https://sports.ndtv.com/cricket/players/1245-karan-sharma-playerprofile,Bowler ,0.5,Karn Vinod Sharma,"October 23, 1987 Meerut, Uttar Pradesh","34 Years, 4 Months, 24 Days",India,Left Handed,Leg break googly,IPL,68,35,14,317,39* v CSK,0,0,18,14,15.09,115.69,14,0,2,3,66,203.4,1,1610,59,4/16 v KKR,2,0,27.28,7.9,20.71,66
Aneeshwar Gautam,RCB,https://sports.ndtv.com/cricket/players/114974-aneeshwar-gautam-playerprofile,All-Rounder ,0.2,Aneeshwar Gautam Narendra,"January 16, 2003 Bengaluru, Karnataka","19 Years, 2 Months, -1 Days",India,Left Handed,Slow left-arm orthodox,,,,,,,,,,,,,,,,,,,,,,,,,,,,
Akash Deep,RCB,https://sports.ndtv.com/cricket/players/113443-akash-deep-playerprofile,Bowler ,0.2,Akash Deep,"December 15, 1996 Dehri, (Rotas), Bihar","25 Years, 3 Months, 0 Days",India,Right Handed,Right-arm medium,,,,,,,,,,,,,,,,,,,,,,,,,,,,
Luvnith Sisodia,RCB,https://sports.ndtv.com/cricket/players/115304-luvnith-sisodia-playerprofile,Wicket-Keeper ,0.2,Luvnith Sujith Sisodia,"January 15, 2000 Bangalore, Karnataka","22 Years, 2 Months, 1 Days",India,Left Handed,Left-arm medium,,,,,,,,,,,,,,,,,,,,,,,,,,,,
Rohit Sharma,MI,https://sports.ndtv.com/cricket/players/857-rohit-sharma-playerprofile,Batsman ,16,Rohit Gurunath Sharma,"April 30, 1987 Bansod, Nagpur, Maharashtra","34 Years, 10 Months, 16 Days",India,Right Handed,Off break,IPL,213,208,28,5611,109* v KKR,1,40,491,227,31.17,130.39,90,0,13,11,32,56.3,0,453,15,4/6 v MI,1,0,30.2,8.01,22.6,32
Jasprit Bumrah,MI,https://sports.ndtv.com/cricket/players/1724-jasprit-bumrah-playerprofile,Bowler ,12,Jasprit Jasbirsingh Bumrah,"December 6, 1993 Ahmedabad","28 Years, 3 Months, 9 Days",India,Right Handed,Right-arm fast,IPL,106,20,15,56,16* v RPS,0,0,4,1,11.2,96.55,13,0,7,1,106,403.4,5,2997,130,4/14 v DC,14,0,23.05,7.42,18.63,106
Jofra Archer,MI,https://sports.ndtv.com/cricket/players/64664-jofra-archer-playerprofile,All-Rounder ,8,Jofra Chioke Archer,"April 1, 1995 Bridgetown, Barbados","26 Years, 11 Months, 15 Days",England,Right Handed,Right-arm fast,IPL,35,23,10,195,27* v CSK,0,0,11,14,15,157.25,9,0,5,1,35,137.3,2,981,46,3/15 v PBKS,6,0,21.32,7.13,17.93,35
Kieron Pollard,MI,https://sports.ndtv.com/cricket/players/907-kieron-pollard-playerprofile,All-Rounder ,6,Kieron Adrian Pollard,"May 12, 1987 Tacarigua, Trinidad","34 Years, 10 Months, 4 Days",West Indies,Right Handed,Right-arm medium,IPL,178,160,51,3268,87* v CSK,0,16,212,214,29.98,149.77,96,0,8,4,101,234,0,2055,65,4/44 v RR,2,0,31.61,8.78,21.6,101
Daniel Sams,MI,https://sports.ndtv.com/cricket/players/113155-daniel-sams-playerprofile,All-Rounder ,2.6,Daniel Richard Sams,"October 27, 1992 Milperra, New South Wales","29 Years, 4 Months, 19 Days",Australia,Right Handed,Left-arm fast medium,IPL,5,3,1,6,3* v DC,0,0,0,0,3,75,3,0,1,0,5,18,0,153,1,1/24 v PBKS,0,0,153,8.5,108,5
Murugan Ashwin,MI,https://sports.ndtv.com/cricket/players/63773-murugan-ashwin-playerprofile,Bowler ,1.6,Murugan Ashwin,"September 8, 1990 Chennai, Tamil Nadu","31 Years, 6 Months, 7 Days",India,Right Handed,Leg break googly,IPL,34,8,2,23,9 v SRH,0,0,1,0,3.83,63.88,7,0,1,1,34,112,0,881,26,3/21 v RCB,2,0,33.88,7.86,25.84,34
Tymal Mills,MI,https://sports.ndtv.com/cricket/players/51462-tymal-solomon-mills-playerprofile,Bowler ,1.5,Tymal Solomon Mills,"August 12, 1992 Dewsbury, Yorkshire","29 Years, 7 Months, 3 Days",England,Right Handed,Left-arm fast,IPL,5,3,0,8,6 v SRH,0,0,0,1,2.66,72.72,1,0,1,0,5,17.5,0,153,5,2/31 v KKR,0,0,30.6,8.57,21.4,5
Jaydev Unadkat,MI,https://sports.ndtv.com/cricket/players/1298-jaydev-unadkat-playerprofile,Bowler ,1.3,Jaydev Dipakbhai Unadkat,"October 18, 1991 Porbandar","30 Years, 4 Months, 29 Days",India,Right Handed,Left-arm medium,IPL,86,21,12,105,26 v KKR,0,0,9,3,11.66,109.37,24,0,8,1,85,296,3,2588,85,5/25 v DC,5,2,30.44,8.74,20.89,85
Fabian Allen,MI,https://sports.ndtv.com/cricket/players/64663-fabian-allen-playerprofile,All-Rounder ,0.75,Fabian Anthony Allen,"May 7, 1995 Kingston, Jamaica","26 Years, 10 Months, 9 Days",West Indies,Right Handed,Slow left-arm orthodox,IPL,4,3,2,6,6 v SRH,0,0,0,0,6,50,2,0,2,0,3,11,1,90,1,1/22 v SRH,0,0,90,8.18,66,3
Mayank Markande,MI,https://sports.ndtv.com/cricket/players/108589-mayank-markande-playerprofile,Bowler ,0.65,Mayank Markande,"November 11, 1997 Bathinda, Punjab","24 Years, 4 Months, 4 Days",India,Right Handed,Leg break,IPL,18,8,5,27,7* v PBKS,0,0,3,0,9,93.1,3,0,2,0,18,53,0,453,16,4/23 v SRH,1,0,28.31,8.54,19.87,18
Basil Thampi,MI,https://sports.ndtv.com/cricket/players/106722-basil-thampi-playerprofile,Bowler ,0.3,Basil Thampi,"September 11, 1993 Ernakulam, Kerala","28 Years, 6 Months, 4 Days",India,Right Handed,Right-arm fast medium,IPL,20,8,7,32,13* v SRH,0,0,1,1,32,91.42,4,0,2,0,20,70.5,0,694,17,3/29 v MI,1,0,40.82,9.79,25,20
Ravindra Jadeja,CSK,https://sports.ndtv.com/cricket/players/855-ravindra-jadeja-playerprofile,All-Rounder ,16,Ravindrasinh Anirudhsinh Jadeja,"December 6, 1988 Navagam-Khed, Saurashtra","33 Years, 3 Months, 9 Days",India,Left Handed,Slow left-arm orthodox,IPL,200,151,63,2386,62* v RCB,0,2,176,85,27.11,128.14,81,0,10,5,171,501.1,2,3816,127,5/16 v DCH,8,1,30.04,7.61,23.67,171
Deepak Chahar,CSK,https://sports.ndtv.com/cricket/players/60022-deepak-lokandersingh-chahar-playerprofile,Bowler ,14,Deepak Lokandersingh Chahar,"August 7, 1992 Agra, Uttar Pradesh","29 Years, 7 Months, 8 Days",India,Right Handed,Right-arm medium,IPL,63,12,5,79,39 v PBKS,0,0,2,6,11.28,138.59,12,0,4,0,63,220.4,6,1722,59,4/13 v PBKS,3,0,29.18,7.8,22.44,63
Moeen Ali,CSK,https://sports.ndtv.com/cricket/players/42413-moeen-munir-ali-playerprofile,All-Rounder ,8,Moeen Munir Ali,"June 18, 1987 Birmingham, Warwickshire","34 Years, 8 Months, 28 Days",England,Left Handed,Off break,IPL,34,32,3,666,66 v KKR,0,4,52,42,22.96,146.37,11,0,4,3,27,68.3,0,469,16,3/7 v RR,1,0,29.31,6.84,25.68,27
Dwayne Bravo,CSK,https://sports.ndtv.com/cricket/players/626-dwayne-bravo-playerprofile,All-Rounder ,4.4,Dwayne John Bravo,"October 7, 1983 Santa Cruz, Trinidad","38 Years, 5 Months, 9 Days",West Indies,Right Handed,Right-arm medium,IPL,151,107,40,1537,70* v PBKS,0,5,119,65,22.94,130.25,77,0,8,2,148,485.3,2,4061,167,4/22 v PBKS,12,0,24.31,8.36,17.44,148
Shivam Dube,CSK,https://sports.ndtv.com/cricket/players/107521-shivam-dubey-playerprofile,All-Rounder ,4,Shivam Dube,"June 26, 1993 Mumbai","28 Years, 8 Months, 19 Days",India,Left Handed,Right-arm medium,IPL,24,22,4,399,64* v CSK,0,1,24,22,22.16,120.54,5,0,0,1,11,15.4,0,130,4,2/15 v SRH,0,0,32.5,8.29,23.5,11
Chris Jordan,CSK,https://sports.ndtv.com/cricket/players/1573-chris-jordan-playerprofile,All-Rounder ,3.6,Christopher James Jordan,"October 4, 1988 Barbados","33 Years, 5 Months, 11 Days",England,Right Handed,Right-arm fast medium,IPL,24,9,2,64,30 v KKR,0,0,3,3,9.14,112.28,9,0,2,2,24,76.3,0,698,25,4/11 v GL,2,0,27.92,9.12,18.36,24
Mitchell Santner,CSK,https://sports.ndtv.com/cricket/players/51086-mitchell-josef-santner-playerprofile,All-Rounder ,1.9,Mitchell Josef Santner,"February 5, 1992 Hamilton","30 Years, 1 Months, 8 Days",New Zealand,Left Handed,Slow left-arm orthodox,IPL,6,2,1,32,22 v MI,0,0,0,3,32,139.13,2,0,0,0,6,21,0,147,6,2/13 v MI,0,0,24.5,7,21,6
Adam Milne,CSK,https://sports.ndtv.com/cricket/players/1510-adam-milne-playerprofile,Bowler ,1.9,Adam Fraser Milne,"April 13, 1992 Palmerston North","29 Years, 11 Months, 2 Days",New Zealand,Right Handed,Right-arm fast,IPL,9,6,2,23,15 v CSK,0,0,0,1,5.75,79.31,7,0,2,0,9,32,0,308,7,2/21 v CSK,0,0,44,9.62,27.42,9
Tushar Deshpande,CSK,https://sports.ndtv.com/cricket/players/107528-tushar-deshpande-playerprofile,Bowler ,0.2,Tushar Uday Deshpande,"May 15, 1995 Mumbai","26 Years, 10 Months, 1 Days",India,Left Handed,Right-arm medium,IPL,5,2,1,21,20* v SRH,0,0,2,1,21,175,1,0,0,0,5,17,0,192,3,2/37 v RR,0,0,64,11.29,34,5
Andre Russell,KKR,https://sports.ndtv.com/cricket/players/1536-andre-russell-playerprofile,All-Rounder ,12,Andre Dwayne Russell,"April 29, 1988 Jamaica","33 Years, 10 Months, 16 Days",West Indies,Right Handed,Right-arm fast,IPL,84,70,12,1700,88* v CSK,0,9,119,143,29.31,178.57,25,0,3,5,76,210.1,0,1901,72,5/15 v MI,6,1,26.4,9.04,17.51,76
Nitish Rana,KKR,https://sports.ndtv.com/cricket/players/64080-nitish-rana-playerprofile,All-Rounder ,8,Nitish Rana,"December 27, 1993 Delhi","28 Years, 2 Months, 19 Days",India,Left Handed,Off break,IPL,77,71,7,1820,87 v CSK,0,13,161,89,28.43,132.46,15,0,6,3,16,19.1,0,154,7,2/11 v RCB,0,0,22,8.03,16.42,16
Varun Chakravarthy,KKR,https://sports.ndtv.com/cricket/players/110973-varun-chakravarthy-playerprofile,Bowler ,8,Varun Chakravarthy Vinod,"August 29, 1991 Bidar, Karnataka","30 Years, 6 Months, 18 Days",India,Right Handed,Leg break googly,IPL,31,6,3,12,7* v RCB,0,0,0,0,4,63.15,4,0,2,2,31,123,0,839,36,5/20 v DC,1,1,23.3,6.82,20.5,31
Venkatesh Iyer,KKR,https://sports.ndtv.com/cricket/players/110573-venkatesh-iyer-playerprofile,All-Rounder ,8,Venkatesh Rajasekaran Iyer,"December 25, 1994 Indore, Madhya Pradesh","27 Years, 2 Months, 21 Days",India,Left Handed,Right-arm medium,IPL,10,10,1,370,67 v PBKS,0,4,37,14,41.11,128.47,7,0,0,0,4,8.3,0,69,3,2/29 v DC,0,0,23,8.11,17,4
Shivam Mavi,KKR,https://sports.ndtv.com/cricket/players/108563-shivam-mavi-playerprofile,All-Rounder ,7.25,Shivam Pankaj Mavi,"November 26, 1998 Noida, Uttar Pradesh","23 Years, 3 Months, 19 Days",India,Right Handed,Right-arm fast medium,IPL,26,9,2,48,20 v CSK,0,0,4,2,6.85,97.95,12,0,3,0,26,86.1,2,715,25,4/21 v RR,0,0,28.6,8.29,20.68,26
Pat Cummins,KKR,https://sports.ndtv.com/cricket/players/1656-pat-cummins-playerprofile,All-Rounder ,7.25,Patrick James Cummins,"May 8, 1993 Westmead, Sydney","28 Years, 10 Months, 7 Days",Australia,Right Handed,Right-arm fast,IPL,37,26,10,316,66* v CSK,0,2,19,20,19.75,140.44,7,0,4,0,37,139,1,1145,38,4/34 v RR,2,0,30.13,8.23,21.94,37
Sunil Narine,KKR,https://sports.ndtv.com/cricket/players/1456-sunil-narine-playerprofile,All-Rounder ,6,Sunil Philip Narine,"May 26, 1988 Arima","33 Years, 9 Months, 20 Days",West Indies,Left Handed,Off break,IPL,134,76,15,954,75 v PBKS,0,4,106,57,15.63,161.69,21,0,13,5,133,520.1,3,3508,143,5/19 v PBKS,6,1,24.53,6.74,21.82,133
Umesh Yadav,KKR,https://sports.ndtv.com/cricket/players/1258-umesh-yadav-playerprofile,Bowler ,2,Umeshkumar Tilak Yadav,"October 25, 1987 Nagpur, Maharashtra","34 Years, 4 Months, 22 Days",India,Right Handed,Right-arm fast,IPL,121,38,24,122,24* v RR,0,0,11,4,8.71,95.31,29,0,11,2,120,420.2,3,3579,119,4/24 v RR,12,0,30.07,8.51,21.19,120
Tim Southee,KKR,https://sports.ndtv.com/cricket/players/1032-tim-southee-playerprofile,Bowler ,1.5,Timothy Grant Southee,"December 11, 1988 Whangarei, Northland","33 Years, 3 Months, 4 Days",New Zealand,Right Handed,Right-arm medium fast,IPL,43,15,6,118,36* v CSK,0,0,8,4,13.11,124.21,19,0,1,3,43,160,2,1388,31,3/24 v SRH,2,0,44.77,8.67,30.96,43
Mohammad Nabi,KKR,https://sports.ndtv.com/cricket/players/1313-mohammad-nabi-playerprofile,All-Rounder ,1,Mohammad Nabi,"January 1, 1985 Loger, Afghanistan","37 Years, 2 Months, 14 Days",Afghanistan,Right Handed,Off break,IPL,17,14,2,180,31 v MI,0,0,16,9,15,151.26,11,0,0,1,17,57.1,0,408,13,4/11 v RCB,0,0,31.38,7.13,26.38,17
Ajinkya Rahane,KKR,https://sports.ndtv.com/cricket/players/965-ajinkya-rahane-playerprofile,Batsman ,1,Ajinkya Madhukar Rahane,"June 6, 1988 Ashwi-KD,Maharashtra","33 Years, 9 Months, 9 Days",India,Right Handed,Right-arm medium,IPL,151,141,16,3941,105* v DC,2,28,417,76,31.52,121.33,58,0,13,7,1,1,0,5,1,1/5 v PBKS,0,0,5,5,6,1
Rasikh Dar,KKR,https://sports.ndtv.com/cricket/players/110974-rasikh-salam-playerprofile,Bowler ,0.2,Rasikh Salam Dar,"April 5, 2001 ","20 Years, 11 Months, 10 Days",India,Right Handed,Right-arm medium,IPL,1,1,1,5,5* v DC,0,0,0,0,,125,1,0,0,0,1,4,0,42,0,0/42 v DC,0,0,,10.5,,1
Shardul Thakur,DC,https://sports.ndtv.com/cricket/players/63779-shardul-narendra-thakur-playerprofile,Bowler ,10.75,Shardul Narendra Thakur,"October 16, 1991 Palghar, Maharashtra","30 Years, 5 Months, 0 Days",India,Right Handed,Right-arm medium fast,IPL,61,14,6,53,15* v SRH,0,0,5,1,6.62,112.76,17,0,5,2,60,210,2,1867,67,3/19 v PBKS,5,0,27.86,8.89,18.8,60
Axar Patel,DC,https://sports.ndtv.com/cricket/players/63024-akshar-rajeshbhai-patel-playerprofile,All-Rounder ,9,Axar Rajeshbhai Patel,"January 20, 1994 Anand, Gujarat","28 Years, 1 Months, 23 Days",India,Left Handed,Slow left-arm orthodox,IPL,109,78,23,953,44 v DC,0,0,55,44,17.32,125.23,44,0,7,6,108,382.3,2,2762,95,4/21 v GL,3,0,29.07,7.22,24.15,108
Mitchell Marsh,DC,https://sports.ndtv.com/cricket/players/1425-mitchell-marsh-playerprofile,All-Rounder ,6.5,Mitchell Ross Marsh,"October 20, 1991 Attadale, Perth","30 Years, 4 Months, 27 Days",Australia,Right Handed,Right-arm medium,IPL,21,15,2,225,38 v MI,0,0,9,14,17.3,114.21,7,0,1,1,19,53.1,0,420,20,4/25 v DCH,0,0,21,7.89,15.95,19
Anrich Nortje,DC,https://sports.ndtv.com/cricket/players/64072-anrich-nortje-playerprofile,Bowler ,6.5,Anrich Arno Nortje,"November 16, 1993 ","28 Years, 4 Months, -1 Days",South Africa,Right Handed,Right-arm fast,IPL,24,5,4,7,3* v PBKS,0,0,0,0,7,116.66,5,0,2,0,24,91.2,1,699,34,3/33 v KKR,2,0,20.55,7.65,16.11,24
Khaleel Ahmed,DC,https://sports.ndtv.com/cricket/players/107233-khaleel-ahmed-playerprofile,Bowler ,5.25,Khaleel Khursheed Ahmed,"December 5, 1997 Tonk, Rajasthan","24 Years, 3 Months, 10 Days",India,Right Handed,Left-arm medium,IPL,24,3,0,1,1 v MI,0,0,0,0,0.33,20,1,0,2,1,24,90.3,0,786,32,3/21 v PBKS,6,0,24.56,8.68,16.96,24
Chetan Sakariya,DC,https://sports.ndtv.com/cricket/players/110598-chetan-sakariya-playerprofile,Bowler ,4.2,Chetan Sakariya,"February 28, 1998 Bhavnagar","24 Years, 0 Months, 15 Days",India,Left Handed,Left-arm medium fast,IPL,14,6,1,16,7 v PBKS,0,0,2,0,3.2,64,4,0,2,1,14,52,1,426,14,3/31 v PBKS,2,0,30.42,8.19,22.28,14
Kuldeep Yadav,DC,https://sports.ndtv.com/cricket/players/63624-kuldeep-yadav-playerprofile,Bowler ,2,Kuldeep Yadav,"December 14, 1994 Kanpur, Uttar Pradesh","27 Years, 3 Months, 1 Days",India,Left Handed,Slow left-arm chinaman,IPL,45,11,5,57,16 v MI,0,0,5,0,9.5,76,11,0,3,3,43,149.2,0,1236,40,4/20 v RR,2,0,30.9,8.27,22.4,43
Mustafizur Rahman,DC,https://sports.ndtv.com/cricket/players/64306-mustafizur-rahman-playerprofile,Bowler ,2,Mustafizur Rahman,"September 6, 1995 Satkhira","26 Years, 6 Months, 10 Days",Bangladesh,Left Handed,Left-arm fast medium,IPL,38,7,6,9,8* v MI,0,0,0,1,9,52.94,5,0,5,0,38,143,1,1121,38,3/16 v MI,3,0,29.5,7.83,22.57,38
Kamlesh Nagarkoti,DC,https://sports.ndtv.com/cricket/players/108584-kamlesh-nagarkoti-playerprofile,All-Rounder ,1.1,Kamlesh Lachham Nagarkoti,"December 28, 1999 Barmer, Rajasthan","22 Years, 2 Months, 19 Days",India,Right Handed,Right-arm fast,IPL,11,7,3,22,8* v RR,0,0,1,0,5.5,66.66,4,0,2,0,10,28,0,256,5,2/13 v RR,0,0,51.2,9.14,33.6,10
Lalit Yadav,DC,https://sports.ndtv.com/cricket/players/108549-lalit-yadav-playerprofile,All-Rounder ,0.65,Lalit Yadav,"January 3, 1997 Delhi","25 Years, 2 Months, 12 Days",India,Right Handed,Off break,IPL,7,5,3,68,22* v MI,0,0,7,0,34,93.15,5,0,1,0,5,14,0,101,4,2/13 v KKR,0,0,25.25,7.21,21,5
Sarfaraz Khan,DC,https://sports.ndtv.com/cricket/players/64385-sarfaraz-naushad-khan-playerprofile,All-Rounder ,0.2,Sarfaraz Naushad Khan,"October 22, 1997 Mumbai","24 Years, 4 Months, 24 Days",India,Right Handed,Leg break,IPL,40,28,9,441,67 v CSK,0,1,50,11,23.21,138.24,6,0,4,1,1,0.2,0,6,0,0/6 v RCB,0,0,,18,,1
Avesh Khan,LSG,https://sports.ndtv.com/cricket/players/64916-avesh-khan-playerprofile,Bowler ,10,Avesh Khan,"December 13, 1996 Indore, Madhya Pradesh","25 Years, 3 Months, 2 Days",India,Right Handed,Right-arm medium fast,IPL,25,2,1,9,5 v KKR,0,0,2,0,9,150,5,0,0,1,25,91,0,749,29,3/13 v KKR,4,0,25.82,8.23,18.82,25
Marcus Stoinis,LSG,https://sports.ndtv.com/cricket/players/42327-marcus-peter-stoinis-playerprofile,All-Rounder ,9.2,Marcus Peter Stoinis,"August 16, 1989 Perth","32 Years, 7 Months, -1 Days",Australia,Right Handed,Right-arm medium,IPL,56,49,16,914,65 v MI,0,4,76,35,27.69,135.81,12,0,5,2,45,102,0,969,30,4/15 v MI,2,0,32.3,9.5,20.4,45
Jason Holder,LSG,https://sports.ndtv.com/cricket/players/1446-jason-holder-playerprofile,All-Rounder ,8.75,Jason Omar Holder,"November 5, 1991 Barbados","30 Years, 4 Months, 11 Days",West Indies,Right Handed,Right-arm medium fast,IPL,26,16,3,189,47* v PBKS,0,0,11,11,14.53,121.15,7,0,1,2,26,95.5,0,786,35,4/52 v MI,5,0,22.45,8.2,16.42,26
Krunal Pandya,LSG,https://sports.ndtv.com/cricket/players/64213-krunal-himashu-pandya-playerprofile,All-Rounder ,8.25,Krunal Himashu Pandya,"March 24, 1991 Ahmedabad, Gujarat","30 Years, 11 Months, 23 Days",India,Left Handed,Slow left-arm orthodox,IPL,84,72,22,1143,86 v DC,0,1,105,46,22.86,138.54,28,0,6,4,81,240.4,0,1773,51,3/14 v GL,4,0,34.76,7.36,28.31,81
Deepak Hooda,LSG,https://sports.ndtv.com/cricket/players/64174-deepak-jagbir-hooda-playerprofile,All-Rounder ,5.75,Deepak Jagbir Hooda,"April 19, 1995 Rohtak","26 Years, 10 Months, 27 Days",India,Right Handed,Off break,IPL,80,61,14,785,64 v RR,0,3,41,38,16.7,129.53,32,0,3,7,28,54.1,0,458,9,2/16 v KKR,0,0,50.88,8.45,36.11,28
Ravi Bishnoi,LSG,https://sports.ndtv.com/cricket/players/112652-ravi-bishnoi-playerprofile,Bowler ,4,Ravi Bishnoi,"September 5, 2000 Jodhpur, Rajasthan","21 Years, 6 Months, 10 Days",India,Right Handed,Leg break googly,IPL,23,4,2,8,6* v SRH,0,0,1,0,4,50,4,0,1,0,23,87,1,606,24,3/24 v SRH,3,0,25.25,6.96,21.75,23
Krishnappa Gowtham,LSG,https://sports.ndtv.com/cricket/players/61268-krishnappa-gowtham-playerprofile,All-Rounder ,0.9,Krishnappa Gowtham,"October 20, 1988 Bangalore, Karnataka","33 Years, 4 Months, 26 Days",India,Right Handed,Off break,IPL,24,19,6,186,33* v MI,0,0,13,12,14.3,169.09,10,0,2,1,24,68,0,562,13,2/12 v PBKS,0,0,43.23,8.26,31.38,24
Shahbaz Nadeem,LSG,https://sports.ndtv.com/cricket/players/1395-shahbaz-nadeem-playerprofile,Bowler ,0.5,Shahbaz Nadeem,"August 12, 1989 Bokaro, Bihar, India","32 Years, 7 Months, 3 Days",India,Right Handed,Slow left-arm orthodox,IPL,72,22,8,39,6 v PWI,0,0,2,0,2.78,44.82,16,0,9,2,70,235.5,2,1784,48,3/16 v DCH,1,0,37.16,7.56,29.47,70
Ankit Rajpoot,LSG,https://sports.ndtv.com/cricket/players/1717-ankit-rajpoot-playerprofile,Bowler ,0.5,Ankit Singh Rajpoot,"December 4, 1993 Kanpur","28 Years, 3 Months, 11 Days",India,Right Handed,Right-arm fast,IPL,29,7,2,26,8 v SRH,0,0,2,1,5.2,63.41,4,0,0,1,29,88.1,1,814,24,5/14 v SRH,1,1,33.91,9.23,22.04,29
Rashid Khan,GT,https://sports.ndtv.com/cricket/players/107477-rashid-khan-playerprofile,Bowler ,15,Rashid Khan Arman,"September 20, 1998 Nangarhar","23 Years, 5 Months, 25 Days",Afghanistan,Right Handed,Leg break googly,IPL,76,35,11,222,34* v KKR,0,0,17,13,9.25,137.03,20,0,11,2,76,302,4,1912,93,3/7 v DC,10,0,20.55,6.33,19.48,76
Hardik Pandya,GT,https://sports.ndtv.com/cricket/players/64177-hardik-himanshu-pandya-playerprofile,All-Rounder ,15,Hardik Himanshu Pandya,"October 11, 1993 Choryasi, Gujarat","28 Years, 5 Months, 4 Days",India,Right Handed,Right-arm medium fast,IPL,92,85,31,1476,91 v KKR,0,4,97,98,27.33,153.91,53,0,5,1,60,144.5,0,1313,42,3/20 v CSK,3,0,31.26,9.06,20.69,60
Mohammed Shami,GT,https://sports.ndtv.com/cricket/players/1580-shami-ahmed-playerprofile,Bowler ,6.25,Mohammed Shami Ahmed,"September 3, 1990 Amroha, Uttar Pradesh","31 Years, 6 Months, 12 Days",India,Right Handed,Right-arm fast,IPL,77,23,12,69,21 v RCB,0,0,5,2,6.27,94.52,11,0,7,2,77,278.2,1,2402,79,3/15 v DC,6,0,30.4,8.62,21.13,77
Jayant Yadav,GT,https://sports.ndtv.com/cricket/players/60086-jayant-yadav-playerprofile,All-Rounder ,1.7,Jayant Yadav,"January 22, 1990 Delhi","32 Years, 1 Months, 21 Days",India,Right Handed,Off break,IPL,19,5,1,40,23 v DC,0,0,2,1,10,111.11,6,0,1,2,19,61,0,419,8,1/8 v CSK,0,0,52.37,6.86,45.75,19
Vijay Shankar,GT,https://sports.ndtv.com/cricket/players/62197-vijay-shankar-playerprofile,All-Rounder ,1.4,Vijay Shankar,"January 26, 1991 Tirunelveli, Tamil Nadu","31 Years, 1 Months, 18 Days",India,Right Handed,Right-arm medium,IPL,47,39,12,712,63* v GL,0,3,45,28,26.37,126.24,21,0,3,1,20,38.1,0,329,9,2/19 v MI,0,0,36.55,8.62,25.44,20
Varun Aaron,GT,https://sports.ndtv.com/cricket/players/1252-varun-aaron-playerprofile,Bowler ,0.5,Varun Raymond Aaron,"October 29, 1989 Singhbhum, Bihar (now Jharkhand)","32 Years, 4 Months, 17 Days",India,Right Handed,Right-arm fast,IPL,50,13,8,50,17* v PBKS,0,0,2,2,10,69.44,3,0,5,2,48,160.4,2,1429,42,3/16 v KKR,1,0,34.02,8.89,22.95,48
Gurkeerat Singh Mann,GT,https://sports.ndtv.com/cricket/players/1661-gurkeerat-singh-playerprofile,All-Rounder ,0.5,Gurkeerat Rupinder Singh,"June 29, 1990 Muktsar, Punjab","31 Years, 8 Months, 16 Days",India,Right Handed,Off break,IPL,41,32,8,511,65 v SRH,0,2,55,11,21.29,121.09,19,1,4,1,6,13,0,97,5,2/15 v RPS,0,0,19.4,7.46,15.6,6
Pradeep Sangwan,GT,https://sports.ndtv.com/cricket/players/1047-pradeep-sangwan-playerprofile,All-Rounder ,0.2,Pradeep Jaibeer Sangwan,"November 5, 1990 Rasiwas, Delhi","31 Years, 4 Months, 10 Days",India,Right Handed,Left-arm medium,IPL,39,14,7,24,6* v MI,0,0,1,0,3.42,61.53,6,0,6,1,39,133.4,1,1175,35,3/18 v DCH,3,0,33.57,8.79,22.91,39
